system,avg_ms,p50_ms,p95_ms,max_ms
keyword,0.4214954444453017,0.44524099939735606,0.532627400389174,0.5354770000849385
vector,2174.4255178891763,2092.9915249980695,2538.570202201663,2579.319297001348
graph,2171.0468783328706,2162.1988999977475,2406.1782007993315,2483.674349998182
