scenario,count,EM,P@k,R@k,MRR
multihop,9,0.0,0.11111111111111112,0.2037037037037037,0.18888888888888888
simple,9,0.0,0.13148148148148148,0.5555555555555556,0.2222222222222222
update,9,0.0,0.2611111111111111,0.7222222222222222,0.3055555555555555
