system,count,EM,P@k,R@k,MRR,ExtractQ
graph,9,0.0,0.11111111111111112,0.37037037037037035,0.17592592592592593,0.6666666666666666
keyword,9,0.0,0.2537037037037037,0.6296296296296297,0.30925925925925923,0.6666666666666666
vector,9,0.0,0.1388888888888889,0.48148148148148145,0.23148148148148148,0.6666666666666666
