difficulty,count,EM,P@k,R@k,MRR
complex,9,0.0,0.15555555555555556,0.5,0.19814814814814816
easy,9,0.0,0.18703703703703703,0.6666666666666666,0.2685185185185185
moderate,9,0.0,0.16111111111111112,0.3148148148148148,0.25
